{
    "South Africa": 0.8665,
    "China": 0.5572,
    "Hong Kong": 0.7100,
    "India": 0.7132,
    "Indonesia": 0.7848,
    "Japan": 0.4615,
    "South Korea": 0.4113,
    "Singapore" : 0.408,
    "Thailand" : 0.407,
    "Australia" : 0.68,
    "New Zealand" : 0.103,
    "Saudi Arabia": 0.6142,
    "Turkey": 0.4261,
    "United Arab Emirates": 0.4010,
    "Canada": 0.11081,
    "Mexico": 0.3,
    "United States": 0.373138,
    "Argentina": 0.2881,
    "Brazil": 0.1295,
    "Austria": 0.11847,
    "Bosnia & Herzegovina": 0.55852,
    "Belgium": 0.12264,
    "Bulgaria": 0.40412,
    "Croatia": 0.20052,
    "Cyprus": 0.62296,
    "Czech Republic": 0.50671,
    "Denmark": 0.18134,
    "Estonia": 0.61613,
    "Finland": 0.09584,
    "France": 0.04098,
    "Germany": 0.37764,
    "Greece": 0.33664,
    "Hungary": 0.22397,
    "Iceland": 0.00010,
    "Ireland": 0.37710,
    "Italy": 0.30685,
    "Latvia": 0.21965,
    "Lithuania": 0.21852,
    "Luxembourg": 0.09883,
    "Malta": 0.66069,
    "Netherlands": 0.37040,
    "Norway": 0.00449,
    "Poland": 0.77659,
    "Portugal": 0.16418,
    "Romania": 0.27746,
    "Russian Federation": 0.3218,
    "Serbia": 0.69508,
    "Slovakia": 0.16549,
    "Slovenia": 0.21685,
    "Spain": 0.15330,
    "Sweden": 0.00767,
    "Switzerland": 0.01163,
    "United Kingdom": 0.207074
}